1,"ruote-kit","Ruby",1,"2009-12-08 11:17:27"
1,"ruote-kit","Ruby",2,"2009-12-08 11:17:27"
1,"ruote-kit","Ruby",4,"2009-12-08 11:17:27"
1,"ruote-kit","Ruby",6,"2010-02-05 07:35:04"
1,"ruote-kit","Ruby",7,"2009-12-08 11:17:27"
1,"ruote-kit","Ruby",8,"2010-03-26 05:57:36"
1,"ruote-kit","Ruby",9,"2009-12-08 11:17:27"
1,"ruote-kit","Ruby",10,"2009-12-08 11:17:27"
1,"ruote-kit","Ruby",11,"2009-12-08 11:17:27"
1,"ruote-kit","Ruby",12,"2009-12-08 11:17:27"
1,"ruote-kit","Ruby",13,"2009-12-08 11:17:27"
1,"ruote-kit","Ruby",14,"2010-11-24 06:43:29"
1,"ruote-kit","Ruby",15,"2011-03-11 10:22:49"
1,"ruote-kit","Ruby",16,"2011-06-27 08:22:45"
1,"ruote-kit","Ruby",17,"2009-12-08 11:17:27"
1,"ruote-kit","Ruby",18,"2010-12-09 14:14:35"
1,"ruote-kit","Ruby",19,"2012-02-22 17:37:46"
1,"ruote-kit","Ruby",20,"2012-03-25 04:58:07"
1,"ruote-kit","Ruby",21,"2011-02-14 10:39:32"
1,"ruote-kit","Ruby",22,"2012-07-24 13:45:58"
1,"ruote-kit","Ruby",155317,"2012-12-09 13:19:08"
2,"ruote-kit","Ruby",2695,"2013-03-28 08:23:15"
2,"ruote-kit","Ruby",3909,"2013-09-18 04:59:18"
2,"ruote-kit","Ruby",13331,"2009-08-20 02:19:28"
2,"ruote-kit","Ruby",26587,"2015-09-07 08:22:08"
2,"ruote-kit","Ruby",34561,"2013-03-05 02:28:58"
2,"ruote-kit","Ruby",34574,"2013-09-02 07:10:37"
2,"ruote-kit","Ruby",48054,"2012-11-27 16:37:15"
2,"ruote-kit","Ruby",89445,"2012-02-23 16:14:55"
2,"ruote-kit","Ruby",89459,"2012-04-22 02:38:54"
2,"ruote-kit","Ruby",89467,"2012-05-22 05:49:22"
2,"ruote-kit","Ruby",89472,"2012-05-16 14:05:00"
2,"ruote-kit","Ruby",89481,"2012-07-08 15:21:53"
2,"ruote-kit","Ruby",89942,"2013-05-12 05:59:17"
2,"ruote-kit","Ruby",136626,"2013-07-15 12:26:12"
2,"ruote-kit","Ruby",146389,"2013-07-22 01:59:50"
2,"ruote-kit","Ruby",155317,"2012-12-08 12:47:46"
2,"ruote-kit","Ruby",227515,"2012-06-26 22:45:52"
2,"ruote-kit","Ruby",245394,"2012-07-12 21:38:04"
2,"ruote-kit","Ruby",273213,"2014-07-10 14:38:20"
2,"ruote-kit","Ruby",343773,"2014-11-23 08:12:09"
2,"ruote-kit","Ruby",845520,"2013-06-20 19:36:05"
2,"ruote-kit","Ruby",1023453,"2014-07-07 00:14:43"
2,"ruote-kit","Ruby",1025875,"2015-04-05 02:35:35"
2,"ruote-kit","Ruby",1285949,"2013-04-05 23:12:17"
2,"ruote-kit","Ruby",1930027,"2013-05-17 22:22:37"
8,"ncs_navigator_core","Ruby",65,"2012-04-19 21:45:52"
8,"ncs_navigator_core","Ruby",965,"2012-11-30 21:47:48"
8,"ncs_navigator_core","Ruby",975,"2012-04-19 21:45:52"
9,"rake-compiler","Ruby",66,"2012-08-01 20:33:51"
15,"clide","Ruby",74,"2012-08-01 19:54:15"
28,"rake-compiler","Ruby",12,"2009-05-24 17:29:53"
28,"rake-compiler","Ruby",58,"2012-04-04 16:14:19"
28,"rake-compiler","Ruby",102,"2008-11-03 12:19:43"
28,"rake-compiler","Ruby",107,"2010-01-04 17:18:27"
28,"rake-compiler","Ruby",108,"2008-11-03 12:19:43"
28,"rake-compiler","Ruby",109,"2009-06-24 20:01:39"
28,"rake-compiler","Ruby",110,"2009-06-30 13:17:01"
28,"rake-compiler","Ruby",113,"2008-11-03 12:19:43"
28,"rake-compiler","Ruby",129,"2008-11-03 12:19:43"
28,"rake-compiler","Ruby",143,"2009-01-13 12:10:44"
28,"rake-compiler","Ruby",146,"2009-01-08 20:15:38"
28,"rake-compiler","Ruby",150,"2008-11-03 12:19:43"
28,"rake-compiler","Ruby",302,"2012-05-12 20:16:12"
28,"rake-compiler","Ruby",346,"2012-04-05 15:26:48"
28,"rake-compiler","Ruby",448,"2009-04-06 16:20:42"
28,"rake-compiler","Ruby",1448,"2009-12-05 00:40:43"
28,"rake-compiler","Ruby",1561,"2008-11-03 12:19:43"
28,"rake-compiler","Ruby",1570,"2008-11-03 12:19:43"
28,"rake-compiler","Ruby",2028,"2009-01-24 15:40:26"
28,"rake-compiler","Ruby",2259,"2008-11-03 12:19:43"
28,"rake-compiler","Ruby",2262,"2008-11-03 12:19:43"
28,"rake-compiler","Ruby",2276,"2012-09-19 12:06:43"
28,"rake-compiler","Ruby",2308,"2008-11-03 12:19:43"
28,"rake-compiler","Ruby",2312,"2009-02-28 09:17:49"
28,"rake-compiler","Ruby",2323,"2010-05-19 09:13:40"
28,"rake-compiler","Ruby",2630,"2009-01-05 16:55:06"
28,"rake-compiler","Ruby",2682,"2008-11-03 12:19:43"
28,"rake-compiler","Ruby",2723,"2008-11-03 12:19:43"
28,"rake-compiler","Ruby",2741,"2010-10-25 09:00:10"
28,"rake-compiler","Ruby",2763,"2009-01-17 18:29:33"
28,"rake-compiler","Ruby",2798,"2010-01-28 18:58:50"
28,"rake-compiler","Ruby",2823,"2008-11-03 12:19:43"
28,"rake-compiler","Ruby",2855,"2008-11-03 12:19:43"
28,"rake-compiler","Ruby",2956,"2008-11-03 12:19:43"
28,"rake-compiler","Ruby",3171,"2008-11-03 12:19:43"
28,"rake-compiler","Ruby",3214,"2012-04-14 19:15:10"
28,"rake-compiler","Ruby",3278,"2009-04-08 22:50:56"
28,"rake-compiler","Ruby",3294,"2009-12-19 03:20:49"
28,"rake-compiler","Ruby",3298,"2009-08-19 22:37:46"
28,"rake-compiler","Ruby",3344,"2008-11-03 12:19:43"
28,"rake-compiler","Ruby",3373,"2009-12-18 05:35:33"
28,"rake-compiler","Ruby",3389,"2008-11-03 12:19:43"
28,"rake-compiler","Ruby",3692,"2009-12-04 11:11:39"
28,"rake-compiler","Ruby",3962,"2010-03-13 13:27:35"
28,"rake-compiler","Ruby",4328,"2008-11-03 12:19:43"
28,"rake-compiler","Ruby",4414,"2012-08-03 03:43:02"
28,"rake-compiler","Ruby",4524,"2012-06-03 01:56:58"
28,"rake-compiler","Ruby",4690,"2014-06-30 14:55:32"
28,"rake-compiler","Ruby",5500,"2008-11-03 12:19:43"
28,"rake-compiler","Ruby",5594,"2012-08-05 12:31:49"
28,"rake-compiler","Ruby",5962,"2008-11-03 12:19:43"
28,"rake-compiler","Ruby",5995,"2008-11-03 12:19:43"
28,"rake-compiler","Ruby",6093,"2008-11-03 12:19:43"
28,"rake-compiler","Ruby",7526,"2008-11-03 12:19:43"
28,"rake-compiler","Ruby",7872,"2014-10-27 02:19:01"
28,"rake-compiler","Ruby",8132,"2012-07-25 14:26:31"
28,"rake-compiler","Ruby",8202,"2012-06-07 19:06:16"
28,"rake-compiler","Ruby",9153,"2010-02-08 18:41:08"
28,"rake-compiler","Ruby",9273,"2008-11-03 12:19:43"
28,"rake-compiler","Ruby",11726,"2008-11-03 12:19:43"
28,"rake-compiler","Ruby",11815,"2009-10-28 19:24:59"
28,"rake-compiler","Ruby",11915,"2008-11-03 12:19:43"
28,"rake-compiler","Ruby",12443,"2009-10-16 13:50:05"
28,"rake-compiler","Ruby",12603,"2010-08-28 00:38:47"
28,"rake-compiler","Ruby",12798,"2012-02-08 14:32:07"
28,"rake-compiler","Ruby",13125,"2014-12-02 21:55:51"
28,"rake-compiler","Ruby",13603,"2012-04-14 18:05:44"
28,"rake-compiler","Ruby",13706,"2008-11-03 12:19:43"
28,"rake-compiler","Ruby",14006,"2008-11-03 12:19:43"
28,"rake-compiler","Ruby",14342,"2008-11-03 12:19:43"
28,"rake-compiler","Ruby",14860,"2010-11-22 12:23:37"
28,"rake-compiler","Ruby",14866,"2014-10-28 07:15:55"
28,"rake-compiler","Ruby",15232,"2008-12-07 16:14:02"
28,"rake-compiler","Ruby",15557,"2008-11-28 23:01:31"
28,"rake-compiler","Ruby",15831,"2009-10-24 07:42:27"
28,"rake-compiler","Ruby",16253,"2009-10-09 14:45:33"
28,"rake-compiler","Ruby",16345,"2010-06-05 13:55:51"
28,"rake-compiler","Ruby",17068,"2008-12-01 09:46:32"
28,"rake-compiler","Ruby",17408,"2012-06-21 06:25:26"
28,"rake-compiler","Ruby",17679,"2008-11-03 12:19:43"
28,"rake-compiler","Ruby",17773,"2008-11-03 12:19:43"
28,"rake-compiler","Ruby",17775,"2008-11-03 12:19:43"
28,"rake-compiler","Ruby",17819,"2008-11-03 12:19:43"
28,"rake-compiler","Ruby",17858,"2008-11-03 12:19:43"
28,"rake-compiler","Ruby",17898,"2008-11-03 12:19:43"
28,"rake-compiler","Ruby",17937,"2008-11-03 12:19:43"
28,"rake-compiler","Ruby",18022,"2008-11-03 12:19:43"
28,"rake-compiler","Ruby",18114,"2012-04-20 09:20:01"
28,"rake-compiler","Ruby",18125,"2008-11-03 12:19:43"
28,"rake-compiler","Ruby",18213,"2012-03-05 11:05:38"
28,"rake-compiler","Ruby",18252,"2008-11-03 12:19:43"
28,"rake-compiler","Ruby",18253,"2008-11-03 12:19:43"
28,"rake-compiler","Ruby",18812,"2014-07-15 02:37:22"
28,"rake-compiler","Ruby",20224,"2009-02-04 02:08:48"
28,"rake-compiler","Ruby",20637,"2008-11-03 12:19:43"
28,"rake-compiler","Ruby",20676,"2008-11-03 12:19:43"
28,"rake-compiler","Ruby",20728,"2008-11-03 12:19:43"
28,"rake-compiler","Ruby",21026,"2010-05-19 12:40:34"
28,"rake-compiler","Ruby",21476,"2010-06-01 02:46:25"
28,"rake-compiler","Ruby",21606,"2008-11-03 12:19:43"
28,"rake-compiler","Ruby",22390,"2008-11-03 12:19:43"
28,"rake-compiler","Ruby",23340,"2008-11-03 12:19:43"
28,"rake-compiler","Ruby",24771,"2008-11-03 12:19:43"
28,"rake-compiler","Ruby",25242,"2008-11-03 12:19:43"
28,"rake-compiler","Ruby",27437,"2008-11-03 12:19:43"
28,"rake-compiler","Ruby",27462,"2014-11-11 22:22:44"
28,"rake-compiler","Ruby",27477,"2008-11-03 12:19:43"
28,"rake-compiler","Ruby",28201,"2012-04-01 01:09:40"
28,"rake-compiler","Ruby",28462,"2012-05-12 20:16:01"
28,"rake-compiler","Ruby",28756,"2008-11-03 12:19:43"
28,"rake-compiler","Ruby",29099,"2010-02-23 08:13:34"
28,"rake-compiler","Ruby",29629,"2010-10-12 19:07:41"
28,"rake-compiler","Ruby",29722,"2011-12-01 12:14:59"
28,"rake-compiler","Ruby",30385,"2010-08-12 16:16:08"
28,"rake-compiler","Ruby",30824,"2012-04-30 18:13:44"
28,"rake-compiler","Ruby",31261,"2008-11-03 12:19:43"
28,"rake-compiler","Ruby",31286,"2009-02-09 20:08:02"
28,"rake-compiler","Ruby",33526,"2008-11-03 12:19:43"
28,"rake-compiler","Ruby",33848,"2009-10-05 13:46:08"
28,"rake-compiler","Ruby",34069,"2012-06-22 14:54:30"
28,"rake-compiler","Ruby",34465,"2012-08-14 01:48:37"
28,"rake-compiler","Ruby",34589,"2008-11-03 12:19:43"
28,"rake-compiler","Ruby",34634,"2008-11-03 12:19:43"
28,"rake-compiler","Ruby",34702,"2011-03-31 05:09:54"
28,"rake-compiler","Ruby",35022,"2008-11-03 12:19:43"
28,"rake-compiler","Ruby",36219,"2008-11-03 12:19:43"
28,"rake-compiler","Ruby",36361,"2009-03-07 09:03:41"
28,"rake-compiler","Ruby",36420,"2010-12-05 09:44:15"
28,"rake-compiler","Ruby",36784,"2012-11-28 00:35:08"
28,"rake-compiler","Ruby",37479,"2008-11-03 12:19:43"
28,"rake-compiler","Ruby",38576,"2014-10-29 02:32:05"
28,"rake-compiler","Ruby",38696,"2012-02-20 09:04:57"
28,"rake-compiler","Ruby",38814,"2012-05-02 22:51:44"
28,"rake-compiler","Ruby",39258,"2012-04-20 03:52:19"
28,"rake-compiler","Ruby",40042,"2008-11-03 12:19:43"
28,"rake-compiler","Ruby",40519,"2012-04-13 18:34:13"
28,"rake-compiler","Ruby",40977,"2011-03-16 10:24:56"
28,"rake-compiler","Ruby",41115,"2012-09-24 14:56:46"
28,"rake-compiler","Ruby",41776,"2008-11-03 12:19:43"
28,"rake-compiler","Ruby",43280,"2014-06-08 19:43:00"
28,"rake-compiler","Ruby",43799,"2008-11-03 12:19:43"
28,"rake-compiler","Ruby",43837,"2008-11-03 12:19:43"
28,"rake-compiler","Ruby",45181,"2008-11-03 12:19:43"
28,"rake-compiler","Ruby",46233,"2011-08-11 08:47:03"
28,"rake-compiler","Ruby",46609,"2008-12-05 01:10:35"
28,"rake-compiler","Ruby",46703,"2009-02-05 23:22:09"
28,"rake-compiler","Ruby",46898,"2008-11-03 12:19:43"
28,"rake-compiler","Ruby",46913,"2008-11-03 12:19:43"
28,"rake-compiler","Ruby",47027,"2008-11-03 12:19:43"
28,"rake-compiler","Ruby",47095,"2012-04-20 01:52:03"
28,"rake-compiler","Ruby",47183,"2008-11-03 12:19:43"
28,"rake-compiler","Ruby",47205,"2009-10-23 14:51:29"
28,"rake-compiler","Ruby",47267,"2008-11-11 00:12:10"
28,"rake-compiler","Ruby",47976,"2012-01-06 11:25:20"
28,"rake-compiler","Ruby",48004,"2008-11-03 12:19:43"
28,"rake-compiler","Ruby",48104,"2012-06-08 07:51:04"
28,"rake-compiler","Ruby",48233,"2008-11-03 12:19:43"
28,"rake-compiler","Ruby",48704,"2012-04-17 18:35:23"
28,"rake-compiler","Ruby",50498,"2010-05-13 17:28:49"
28,"rake-compiler","Ruby",50632,"2008-11-03 12:19:43"
28,"rake-compiler","Ruby",51020,"2009-09-03 11:59:08"
28,"rake-compiler","Ruby",55826,"2008-11-03 12:19:43"
28,"rake-compiler","Ruby",57419,"2012-08-15 15:19:25"
28,"rake-compiler","Ruby",57994,"2012-07-15 21:46:00"
28,"rake-compiler","Ruby",59216,"2008-11-03 12:19:43"
28,"rake-compiler","Ruby",59430,"2012-07-06 21:22:30"
28,"rake-compiler","Ruby",59567,"2014-11-23 00:18:25"
28,"rake-compiler","Ruby",61132,"2008-11-03 12:19:43"
28,"rake-compiler","Ruby",63042,"2012-08-03 08:19:27"
28,"rake-compiler","Ruby",63295,"2008-11-03 12:19:43"
28,"rake-compiler","Ruby",63323,"2014-05-28 16:22:04"
28,"rake-compiler","Ruby",63434,"2012-06-03 08:27:02"
28,"rake-compiler","Ruby",64574,"2011-05-04 10:32:45"
28,"rake-compiler","Ruby",66094,"2010-03-08 14:17:22"
28,"rake-compiler","Ruby",66966,"2014-11-14 01:36:26"
28,"rake-compiler","Ruby",68847,"2008-11-03 12:19:43"
28,"rake-compiler","Ruby",69723,"2008-11-03 12:19:43"
28,"rake-compiler","Ruby",72085,"2009-02-04 21:51:59"
28,"rake-compiler","Ruby",72104,"2008-11-03 12:19:43"
28,"rake-compiler","Ruby",73849,"2012-06-26 20:43:10"
28,"rake-compiler","Ruby",78115,"2008-11-03 12:19:43"
28,"rake-compiler","Ruby",81668,"2008-11-03 12:19:43"
28,"rake-compiler","Ruby",83264,"2014-05-04 14:58:25"
28,"rake-compiler","Ruby",89325,"2008-11-03 12:19:43"
28,"rake-compiler","Ruby",89389,"2008-11-03 12:19:43"
28,"rake-compiler","Ruby",91504,"2008-11-03 12:19:43"
28,"rake-compiler","Ruby",92229,"2014-07-18 03:20:17"
28,"rake-compiler","Ruby",93223,"2010-11-23 08:51:52"
28,"rake-compiler","Ruby",97791,"2012-02-09 15:06:53"
28,"rake-compiler","Ruby",98379,"2014-11-03 07:49:51"
28,"rake-compiler","Ruby",99549,"2011-02-19 09:51:40"
28,"rake-compiler","Ruby",102859,"2008-11-03 12:19:43"
28,"rake-compiler","Ruby",105085,"2008-11-03 12:19:43"
28,"rake-compiler","Ruby",106049,"2009-02-24 14:27:19"
28,"rake-compiler","Ruby",106754,"2008-11-03 12:19:43"
28,"rake-compiler","Ruby",110212,"2009-05-15 03:44:43"
28,"rake-compiler","Ruby",114332,"2014-06-26 06:11:07"
28,"rake-compiler","Ruby",114896,"2008-11-22 16:10:09"
28,"rake-compiler","Ruby",117602,"2012-03-31 13:24:47"
28,"rake-compiler","Ruby",123331,"2009-01-05 17:00:56"
28,"rake-compiler","Ruby",134665,"2009-09-29 09:12:46"
28,"rake-compiler","Ruby",145918,"2011-06-10 11:08:12"
28,"rake-compiler","Ruby",147052,"2012-07-10 16:40:46"
28,"rake-compiler","Ruby",154916,"2008-11-30 11:04:44"
28,"rake-compiler","Ruby",157791,"2009-01-28 08:09:48"
28,"rake-compiler","Ruby",158803,"2008-11-03 12:19:43"
28,"rake-compiler","Ruby",160867,"2008-11-03 12:19:43"
28,"rake-compiler","Ruby",163739,"2014-12-20 03:00:26"
28,"rake-compiler","Ruby",165531,"2012-05-02 16:56:43"
28,"rake-compiler","Ruby",166131,"2012-09-30 19:43:11"
28,"rake-compiler","Ruby",169373,"2014-11-29 17:28:49"
28,"rake-compiler","Ruby",171425,"2009-01-10 05:33:58"
28,"rake-compiler","Ruby",181392,"2014-04-28 13:51:45"
28,"rake-compiler","Ruby",181489,"2008-11-03 12:19:43"
28,"rake-compiler","Ruby",182708,"2012-08-30 18:00:32"
28,"rake-compiler","Ruby",193981,"2009-03-13 06:28:36"
28,"rake-compiler","Ruby",200367,"2009-01-24 13:33:24"
28,"rake-compiler","Ruby",200381,"2009-08-11 20:11:13"
28,"rake-compiler","Ruby",213424,"2008-11-03 12:19:43"
28,"rake-compiler","Ruby",239917,"2010-07-07 11:04:03"
28,"rake-compiler","Ruby",267132,"2009-02-13 01:25:07"
28,"rake-compiler","Ruby",298407,"2012-04-24 16:02:44"
28,"rake-compiler","Ruby",307520,"2014-12-28 04:56:16"
28,"rake-compiler","Ruby",338272,"2012-04-25 22:08:59"
28,"rake-compiler","Ruby",352810,"2008-11-03 12:19:43"
28,"rake-compiler","Ruby",367121,"2008-11-03 12:19:43"
28,"rake-compiler","Ruby",369389,"2009-12-02 12:21:49"
28,"rake-compiler","Ruby",403469,"2014-06-24 03:09:13"
28,"rake-compiler","Ruby",404161,"2014-06-30 20:38:26"
28,"rake-compiler","Ruby",476901,"2008-11-03 12:19:43"
28,"rake-compiler","Ruby",504468,"2012-02-25 18:32:34"
28,"rake-compiler","Ruby",521847,"2008-11-03 12:19:43"
28,"rake-compiler","Ruby",750179,"2009-05-23 18:35:00"
28,"rake-compiler","Ruby",889944,"2014-09-12 18:39:39"
28,"rake-compiler","Ruby",897203,"2011-03-16 10:24:56"
28,"rake-compiler","Ruby",1024488,"2014-10-01 12:55:47"
28,"rake-compiler","Ruby",1245444,"2014-10-03 07:53:38"
28,"rake-compiler","Ruby",1465994,"2014-06-29 05:44:32"
28,"rake-compiler","Ruby",1626202,"2014-08-20 20:47:11"
28,"rake-compiler","Ruby",1929684,"2014-08-05 11:31:39"
28,"rake-compiler","Ruby",1997668,"2014-08-28 17:22:46"
28,"rake-compiler","Ruby",2448507,"2014-07-19 08:26:05"
28,"rake-compiler","Ruby",2744858,"2014-06-26 03:06:55"
28,"rake-compiler","Ruby",2816759,"2014-06-27 14:06:22"
28,"rake-compiler","Ruby",2981789,"2014-12-15 16:54:07"
28,"rake-compiler","Ruby",3260170,"2014-07-17 03:52:39"
28,"rake-compiler","Ruby",3564691,"2014-05-01 15:51:18"
28,"rake-compiler","Ruby",3621135,"2014-07-17 06:47:32"
28,"rake-compiler","Ruby",3695890,"2014-06-07 17:20:03"
28,"rake-compiler","Ruby",3903725,"2014-12-05 21:09:21"
28,"rake-compiler","Ruby",4120508,"2014-08-03 19:51:38"
28,"rake-compiler","Ruby",6472096,"2014-12-23 01:23:34"
41,"redmine_git_hosting","Ruby",169,"2012-07-30 14:53:09"
41,"redmine_git_hosting","Ruby",40819,"2012-08-13 14:41:52"
41,"redmine_git_hosting","Ruby",116394,"2012-08-12 16:13:39"
41,"redmine_git_hosting","Ruby",120909,"2013-02-26 22:24:33"
41,"redmine_git_hosting","Ruby",419397,"2012-08-11 10:47:19"
41,"redmine_git_hosting","Ruby",428499,"2012-08-14 11:32:32"
42,"redmine_git_hosting","Ruby",205,"2012-02-09 22:25:13"
42,"redmine_git_hosting","Ruby",302,"2012-05-10 06:14:43"
42,"redmine_git_hosting","Ruby",835,"2012-01-26 20:24:15"
42,"redmine_git_hosting","Ruby",939,"2012-01-09 23:36:55"
42,"redmine_git_hosting","Ruby",1179,"2013-01-16 18:31:55"
42,"redmine_git_hosting","Ruby",3649,"2012-05-21 22:50:16"
42,"redmine_git_hosting","Ruby",7016,"2012-05-25 22:07:48"
42,"redmine_git_hosting","Ruby",8522,"2012-07-22 15:06:44"
42,"redmine_git_hosting","Ruby",12002,"2011-10-27 01:17:37"
42,"redmine_git_hosting","Ruby",16742,"2013-02-21 16:46:27"
42,"redmine_git_hosting","Ruby",18326,"2012-07-12 21:20:22"
42,"redmine_git_hosting","Ruby",19529,"2012-03-29 15:49:06"
42,"redmine_git_hosting","Ruby",19840,"2012-07-14 23:56:20"
42,"redmine_git_hosting","Ruby",25670,"2013-01-03 10:02:50"
42,"redmine_git_hosting","Ruby",33217,"2012-05-10 06:14:32"
42,"redmine_git_hosting","Ruby",40789,"2012-12-27 05:57:36"
42,"redmine_git_hosting","Ruby",43715,"2011-10-27 01:17:37"
42,"redmine_git_hosting","Ruby",53820,"2012-12-06 08:35:40"
42,"redmine_git_hosting","Ruby",69698,"2012-08-02 16:17:16"
42,"redmine_git_hosting","Ruby",82002,"2012-12-01 14:16:21"
42,"redmine_git_hosting","Ruby",84696,"2013-01-21 22:24:55"
42,"redmine_git_hosting","Ruby",86760,"2013-05-29 16:39:47"
42,"redmine_git_hosting","Ruby",87437,"2012-06-01 12:52:41"
42,"redmine_git_hosting","Ruby",93940,"2012-08-03 00:58:20"
42,"redmine_git_hosting","Ruby",112324,"2012-09-26 17:55:30"
42,"redmine_git_hosting","Ruby",116659,"2012-05-28 05:22:20"
42,"redmine_git_hosting","Ruby",117509,"2011-10-27 01:17:37"
42,"redmine_git_hosting","Ruby",122410,"2012-02-07 17:14:52"
42,"redmine_git_hosting","Ruby",131827,"2012-10-01 14:53:37"
42,"redmine_git_hosting","Ruby",133262,"2012-04-17 06:59:38"
42,"redmine_git_hosting","Ruby",134401,"2012-04-04 18:57:43"
42,"redmine_git_hosting","Ruby",137367,"2012-05-09 05:07:16"
42,"redmine_git_hosting","Ruby",143364,"2012-05-16 11:47:26"
42,"redmine_git_hosting","Ruby",144788,"2013-03-11 09:06:25"
42,"redmine_git_hosting","Ruby",149198,"2013-03-09 17:49:35"
42,"redmine_git_hosting","Ruby",166803,"2012-02-13 15:03:55"
42,"redmine_git_hosting","Ruby",168177,"2012-01-12 14:16:39"
42,"redmine_git_hosting","Ruby",177140,"2012-02-28 18:05:36"
42,"redmine_git_hosting","Ruby",188325,"2013-03-01 11:44:19"
42,"redmine_git_hosting","Ruby",192998,"2012-05-30 17:26:48"
42,"redmine_git_hosting","Ruby",207869,"2013-10-11 06:39:18"
42,"redmine_git_hosting","Ruby",209674,"2012-07-18 21:34:54"
42,"redmine_git_hosting","Ruby",245374,"2012-07-17 14:59:08"
42,"redmine_git_hosting","Ruby",251198,"2012-08-06 09:41:31"
42,"redmine_git_hosting","Ruby",251211,"2012-04-23 15:34:12"
42,"redmine_git_hosting","Ruby",264437,"2012-11-28 14:51:58"
42,"redmine_git_hosting","Ruby",271359,"2012-01-25 10:50:23"
42,"redmine_git_hosting","Ruby",272316,"2012-09-30 19:31:11"
42,"redmine_git_hosting","Ruby",288747,"2012-07-08 18:12:33"
42,"redmine_git_hosting","Ruby",288909,"2012-06-04 23:11:14"
42,"redmine_git_hosting","Ruby",293198,"2012-07-04 13:57:53"
42,"redmine_git_hosting","Ruby",311311,"2012-07-03 13:39:13"
42,"redmine_git_hosting","Ruby",316889,"2012-08-31 11:25:42"
42,"redmine_git_hosting","Ruby",325936,"2012-01-30 05:02:41"
42,"redmine_git_hosting","Ruby",358965,"2012-09-29 23:04:47"
42,"redmine_git_hosting","Ruby",363645,"2012-01-16 16:00:50"
42,"redmine_git_hosting","Ruby",419397,"2012-08-13 10:07:24"
42,"redmine_git_hosting","Ruby",428499,"2012-06-22 00:48:40"
42,"redmine_git_hosting","Ruby",431429,"2012-04-16 20:43:24"
42,"redmine_git_hosting","Ruby",494588,"2012-04-07 23:05:46"
42,"redmine_git_hosting","Ruby",524005,"2012-12-12 22:12:54"
42,"redmine_git_hosting","Ruby",578914,"2012-04-04 15:36:20"
42,"redmine_git_hosting","Ruby",583986,"2012-07-31 11:33:09"
42,"redmine_git_hosting","Ruby",648769,"2012-07-11 17:05:09"
42,"redmine_git_hosting","Ruby",670804,"2012-01-20 18:01:13"
42,"redmine_git_hosting","Ruby",692005,"2012-04-29 23:28:21"
42,"redmine_git_hosting","Ruby",707983,"2012-12-18 09:33:06"
42,"redmine_git_hosting","Ruby",713126,"2014-11-04 15:18:12"
42,"redmine_git_hosting","Ruby",789510,"2012-12-02 00:21:29"
42,"redmine_git_hosting","Ruby",847598,"2013-04-04 05:52:27"
42,"redmine_git_hosting","Ruby",887944,"2012-03-08 16:28:02"
42,"redmine_git_hosting","Ruby",889249,"2012-02-25 20:50:46"
42,"redmine_git_hosting","Ruby",898103,"2012-02-02 16:38:04"
42,"redmine_git_hosting","Ruby",1167868,"2012-03-06 14:10:28"
42,"redmine_git_hosting","Ruby",1387006,"2012-02-29 21:45:24"
42,"redmine_git_hosting","Ruby",1705391,"2014-06-23 10:06:16"
42,"redmine_git_hosting","Ruby",1772906,"2013-04-05 15:15:34"
42,"redmine_git_hosting","Ruby",1957185,"2014-03-10 03:33:32"
42,"redmine_git_hosting","Ruby",2821370,"2013-12-16 08:45:22"
79,"nvm-cookbook","Ruby",771,"2012-08-02 03:13:41"
79,"nvm-cookbook","Ruby",789296,"2013-07-12 16:24:49"
83,"sample_app","Ruby",831,"2012-08-01 17:20:12"
118,"cancan","Ruby",8,"2010-03-26 05:57:36"
118,"cancan","Ruby",10,"2012-02-07 08:49:45"
118,"cancan","Ruby",11,"2009-11-17 01:04:45"
118,"cancan","Ruby",16,"2011-06-27 08:22:45"
118,"cancan","Ruby",20,"2012-03-28 14:27:17"
118,"cancan","Ruby",47,"2009-11-17 01:04:45"
118,"cancan","Ruby",52,"2012-06-30 19:49:16"
118,"cancan","Ruby",58,"2012-04-04 12:32:29"
118,"cancan","Ruby",108,"2009-11-17 01:04:45"
118,"cancan","Ruby",216,"2009-11-17 01:04:45"
118,"cancan","Ruby",246,"2009-11-17 01:04:45"
118,"cancan","Ruby",264,"2012-04-01 04:06:39"
118,"cancan","Ruby",299,"2009-11-17 01:04:45"
118,"cancan","Ruby",302,"2012-06-20 04:15:32"
118,"cancan","Ruby",306,"2009-11-17 01:04:45"
118,"cancan","Ruby",307,"2009-11-17 01:04:45"
118,"cancan","Ruby",310,"2009-11-17 01:04:45"
118,"cancan","Ruby",316,"2012-06-13 22:13:52"
118,"cancan","Ruby",328,"2014-06-11 13:53:39"
118,"cancan","Ruby",346,"2009-11-17 01:04:45"
118,"cancan","Ruby",373,"2014-05-03 00:56:27"
118,"cancan","Ruby",383,"2009-11-17 01:04:45"
118,"cancan","Ruby",389,"2009-11-17 01:04:45"
118,"cancan","Ruby",391,"2009-11-17 01:04:45"
118,"cancan","Ruby",422,"2009-11-17 01:04:45"
118,"cancan","Ruby",425,"2009-11-17 01:04:45"
118,"cancan","Ruby",463,"2009-11-17 01:04:45"
118,"cancan","Ruby",465,"2009-11-17 01:04:45"
118,"cancan","Ruby",474,"2015-06-15 20:28:57"
118,"cancan","Ruby",478,"2009-11-17 01:04:45"
118,"cancan","Ruby",485,"2009-11-17 01:04:45"
118,"cancan","Ruby",486,"2010-06-04 05:14:15"
118,"cancan","Ruby",554,"2010-04-02 09:27:05"
118,"cancan","Ruby",555,"2009-11-17 01:04:45"
118,"cancan","Ruby",636,"2009-12-05 05:44:43"
118,"cancan","Ruby",643,"2014-11-19 21:35:12"
118,"cancan","Ruby",666,"2009-11-17 01:04:45"
118,"cancan","Ruby",676,"2009-11-17 01:04:45"
118,"cancan","Ruby",690,"2012-08-17 23:30:04"
118,"cancan","Ruby",703,"2009-11-17 01:04:45"
118,"cancan","Ruby",709,"2009-11-17 01:04:45"
118,"cancan","Ruby",755,"2010-07-11 08:37:58"
118,"cancan","Ruby",809,"2009-12-10 07:33:44"
118,"cancan","Ruby",855,"2009-11-17 01:04:45"
118,"cancan","Ruby",877,"2009-11-17 01:04:45"
118,"cancan","Ruby",923,"2012-08-30 17:03:26"
118,"cancan","Ruby",1052,"2009-11-17 01:04:45"
118,"cancan","Ruby",1063,"2009-11-17 01:04:45"
118,"cancan","Ruby",1067,"2012-08-02 03:14:19"
118,"cancan","Ruby",1222,"2009-11-17 01:04:45"
118,"cancan","Ruby",1246,"2012-04-01 20:27:10"
118,"cancan","Ruby",1254,"2009-11-17 01:04:45"
118,"cancan","Ruby",1262,"2012-04-09 05:59:59"
118,"cancan","Ruby",1317,"2011-11-18 15:39:59"
118,"cancan","Ruby",1321,"2011-03-29 18:36:32"
118,"cancan","Ruby",1326,"2010-11-04 23:17:51"
118,"cancan","Ruby",1372,"2009-11-17 01:04:45"
118,"cancan","Ruby",1403,"2014-08-12 02:27:34"
118,"cancan","Ruby",1408,"2011-02-20 19:43:21"
118,"cancan","Ruby",1411,"2009-11-17 01:04:45"
118,"cancan","Ruby",1416,"2009-11-17 01:04:45"
118,"cancan","Ruby",1420,"2012-10-05 22:29:49"
118,"cancan","Ruby",1481,"2009-11-17 01:04:45"
118,"cancan","Ruby",1539,"2009-11-17 01:04:45"
118,"cancan","Ruby",1542,"2009-11-17 01:04:45"
118,"cancan","Ruby",1561,"2009-11-17 01:04:45"
118,"cancan","Ruby",1635,"2012-05-08 09:49:33"
118,"cancan","Ruby",1739,"2012-09-30 14:50:15"
118,"cancan","Ruby",1745,"2010-04-12 18:56:32"
118,"cancan","Ruby",1756,"2009-11-17 01:04:45"
118,"cancan","Ruby",1759,"2011-01-19 05:08:56"
118,"cancan","Ruby",1760,"2010-09-24 19:41:31"
118,"cancan","Ruby",1768,"2010-02-19 16:09:44"
118,"cancan","Ruby",1771,"2009-11-17 01:04:45"
118,"cancan","Ruby",1775,"2010-02-14 12:06:17"
118,"cancan","Ruby",1776,"2009-11-17 01:04:45"
118,"cancan","Ruby",1934,"2009-11-17 01:04:45"
118,"cancan","Ruby",1939,"2009-12-03 00:15:17"
118,"cancan","Ruby",1941,"2009-11-17 01:04:45"
118,"cancan","Ruby",1942,"2012-02-03 20:33:22"
118,"cancan","Ruby",1992,"2010-03-03 12:34:54"
118,"cancan","Ruby",2056,"2009-11-17 01:04:45"
118,"cancan","Ruby",2114,"2012-02-11 13:36:02"
118,"cancan","Ruby",2121,"2012-12-15 21:00:20"
118,"cancan","Ruby",2146,"2009-11-17 01:04:45"
118,"cancan","Ruby",2149,"2009-11-17 01:04:45"
118,"cancan","Ruby",2159,"2009-11-17 01:04:45"
118,"cancan","Ruby",2239,"2009-11-17 01:04:45"
118,"cancan","Ruby",2262,"2009-11-17 01:04:45"
118,"cancan","Ruby",2265,"2009-11-17 01:04:45"
118,"cancan","Ruby",2269,"2009-11-17 01:04:45"
118,"cancan","Ruby",2276,"2012-03-25 15:27:46"
118,"cancan","Ruby",2281,"2009-11-17 01:04:45"
118,"cancan","Ruby",2282,"2009-11-17 01:04:45"
118,"cancan","Ruby",2288,"2009-11-17 01:04:45"
118,"cancan","Ruby",2307,"2009-11-17 01:04:45"
118,"cancan","Ruby",2312,"2012-07-03 14:20:51"
118,"cancan","Ruby",2320,"2009-11-17 01:04:45"
118,"cancan","Ruby",2336,"2009-11-17 01:04:45"
118,"cancan","Ruby",2343,"2009-12-08 13:42:10"
118,"cancan","Ruby",2355,"2009-11-17 01:04:45"
118,"cancan","Ruby",2362,"2012-01-27 11:28:24"
118,"cancan","Ruby",2366,"2009-11-17 01:04:45"
118,"cancan","Ruby",2410,"2009-11-17 01:04:45"
118,"cancan","Ruby",2435,"2010-12-28 21:12:02"
118,"cancan","Ruby",2441,"2010-03-10 08:54:33"
118,"cancan","Ruby",2449,"2009-11-19 19:05:44"
118,"cancan","Ruby",2464,"2009-11-17 01:04:45"
118,"cancan","Ruby",2491,"2011-02-19 19:37:38"
118,"cancan","Ruby",2503,"2012-02-10 08:01:55"
118,"cancan","Ruby",2565,"2009-11-17 01:04:45"
118,"cancan","Ruby",2581,"2009-11-17 01:04:45"
118,"cancan","Ruby",2595,"2010-04-27 09:02:17"
118,"cancan","Ruby",2634,"2010-03-19 13:28:54"
118,"cancan","Ruby",2653,"2009-11-17 01:04:45"
118,"cancan","Ruby",2695,"2009-12-10 10:30:56"
118,"cancan","Ruby",2700,"2009-11-17 01:04:45"
118,"cancan","Ruby",2720,"2009-11-17 01:04:45"
118,"cancan","Ruby",2723,"2009-11-17 01:04:45"
118,"cancan","Ruby",2735,"2009-11-17 01:04:45"
118,"cancan","Ruby",2740,"2009-11-17 01:04:45"
118,"cancan","Ruby",2742,"2009-11-17 01:04:45"
118,"cancan","Ruby",2798,"2010-01-28 18:58:50"
118,"cancan","Ruby",2803,"2010-07-06 02:05:00"
118,"cancan","Ruby",2819,"2009-11-17 01:04:45"
118,"cancan","Ruby",2823,"2009-11-17 01:04:45"
118,"cancan","Ruby",2830,"2009-11-17 01:04:45"
118,"cancan","Ruby",2836,"2009-11-17 01:04:45"
118,"cancan","Ruby",2850,"2009-11-17 01:04:45"
118,"cancan","Ruby",2870,"2009-11-17 01:04:45"
118,"cancan","Ruby",2871,"2009-11-17 01:04:45"
118,"cancan","Ruby",2879,"2009-11-17 01:04:45"
118,"cancan","Ruby",2882,"2009-11-17 01:04:45"
118,"cancan","Ruby",2907,"2009-11-17 01:04:45"
118,"cancan","Ruby",2996,"2009-11-17 01:04:45"
118,"cancan","Ruby",3001,"2010-07-04 08:27:11"
118,"cancan","Ruby",3009,"2010-05-05 16:07:47"
118,"cancan","Ruby",3032,"2010-01-06 03:42:13"
118,"cancan","Ruby",3043,"2010-03-02 00:59:47"
118,"cancan","Ruby",3144,"2010-03-06 13:57:50"
118,"cancan","Ruby",3145,"2009-11-17 01:04:45"
118,"cancan","Ruby",3160,"2009-11-17 01:04:45"
118,"cancan","Ruby",3173,"2011-03-14 13:44:56"
118,"cancan","Ruby",3247,"2010-05-21 12:34:06"
118,"cancan","Ruby",3273,"2010-03-23 04:21:45"
118,"cancan","Ruby",3324,"2009-11-17 01:04:45"
118,"cancan","Ruby",3337,"2009-11-17 01:04:45"
118,"cancan","Ruby",3341,"2010-03-14 06:14:40"
118,"cancan","Ruby",3349,"2009-11-17 01:04:45"
118,"cancan","Ruby",3380,"2009-11-17 01:04:45"
118,"cancan","Ruby",3399,"2012-03-21 16:13:17"
118,"cancan","Ruby",3426,"2009-11-17 01:04:45"
118,"cancan","Ruby",3491,"2012-08-14 22:33:41"
118,"cancan","Ruby",3505,"2012-04-25 21:27:02"
118,"cancan","Ruby",3518,"2010-03-22 10:19:44"
118,"cancan","Ruby",3520,"2009-11-17 01:04:45"
118,"cancan","Ruby",3613,"2012-04-26 07:18:20"
118,"cancan","Ruby",3621,"2009-11-17 01:04:45"
118,"cancan","Ruby",3655,"2009-11-17 01:04:45"
118,"cancan","Ruby",3656,"2009-11-17 01:04:45"
118,"cancan","Ruby",3677,"2012-05-31 03:50:42"
118,"cancan","Ruby",3681,"2010-12-10 12:23:39"
118,"cancan","Ruby",3727,"2009-11-17 01:04:45"
118,"cancan","Ruby",3728,"2009-11-17 01:04:45"
118,"cancan","Ruby",3730,"2009-11-17 01:04:45"
118,"cancan","Ruby",3731,"2009-11-17 01:04:45"
118,"cancan","Ruby",3732,"2009-11-17 01:04:45"
118,"cancan","Ruby",3734,"2012-06-11 14:59:35"
118,"cancan","Ruby",3736,"2012-06-15 03:22:23"
118,"cancan","Ruby",3847,"2009-11-17 01:04:45"
118,"cancan","Ruby",3848,"2009-11-17 01:04:45"
118,"cancan","Ruby",3854,"2011-02-18 21:52:53"
118,"cancan","Ruby",3927,"2009-11-17 01:04:45"
118,"cancan","Ruby",3928,"2009-11-17 01:04:45"
118,"cancan","Ruby",3934,"2009-11-17 01:04:45"
118,"cancan","Ruby",3967,"2009-11-17 01:04:45"
118,"cancan","Ruby",4005,"2012-12-25 13:53:20"
118,"cancan","Ruby",4007,"2009-11-17 01:04:45"
118,"cancan","Ruby",4062,"2009-11-17 01:04:45"
118,"cancan","Ruby",4144,"2009-11-17 01:04:45"
118,"cancan","Ruby",4188,"2010-07-12 14:55:10"
118,"cancan","Ruby",4264,"2014-06-26 08:15:33"
118,"cancan","Ruby",4305,"2012-04-17 11:07:40"
118,"cancan","Ruby",4312,"2010-06-11 12:33:12"
118,"cancan","Ruby",4355,"2011-11-09 12:51:55"
118,"cancan","Ruby",4414,"2010-04-18 00:13:57"
118,"cancan","Ruby",4418,"2009-11-17 01:04:45"
118,"cancan","Ruby",4423,"2010-09-19 11:45:26"
118,"cancan","Ruby",4431,"2010-05-17 13:41:52"
118,"cancan","Ruby",4468,"2009-11-17 01:04:45"
118,"cancan","Ruby",4517,"2012-02-20 02:55:49"
118,"cancan","Ruby",4519,"2012-01-08 17:13:47"
118,"cancan","Ruby",4524,"2009-11-17 01:04:45"
118,"cancan","Ruby",4553,"2009-11-17 01:04:45"
118,"cancan","Ruby",4589,"2009-11-17 01:04:45"
118,"cancan","Ruby",4600,"2009-11-17 01:04:45"
118,"cancan","Ruby",4608,"2012-11-28 01:26:12"
118,"cancan","Ruby",4609,"2010-02-09 19:38:56"
118,"cancan","Ruby",4650,"2012-08-13 15:11:01"
118,"cancan","Ruby",4690,"2012-10-14 19:34:11"
118,"cancan","Ruby",4700,"2012-09-21 13:18:31"
118,"cancan","Ruby",4763,"2009-11-17 01:04:45"
118,"cancan","Ruby",4896,"2009-11-17 01:04:45"
118,"cancan","Ruby",4924,"2009-11-17 01:04:45"
118,"cancan","Ruby",4929,"2009-11-17 01:04:45"
118,"cancan","Ruby",4933,"2009-11-17 01:04:45"
118,"cancan","Ruby",4935,"2009-11-17 01:04:45"
118,"cancan","Ruby",4939,"2009-11-17 01:04:45"
118,"cancan","Ruby",4942,"2012-08-09 09:29:50"
118,"cancan","Ruby",4943,"2009-11-17 01:04:45"
118,"cancan","Ruby",4950,"2009-11-17 01:04:45"
118,"cancan","Ruby",4958,"2010-03-30 00:11:23"
118,"cancan","Ruby",4966,"2010-07-07 08:01:43"
118,"cancan","Ruby",4969,"2012-05-18 01:41:00"
118,"cancan","Ruby",4989,"2009-11-17 01:04:45"
118,"cancan","Ruby",4991,"2009-11-17 01:04:45"
118,"cancan","Ruby",4993,"2011-07-08 19:13:29"
118,"cancan","Ruby",4995,"2011-08-23 02:45:00"
118,"cancan","Ruby",4996,"2012-06-27 12:18:33"
118,"cancan","Ruby",5016,"2009-11-17 01:04:45"
118,"cancan","Ruby",5029,"2009-11-17 01:04:45"
118,"cancan","Ruby",5060,"2009-11-17 01:04:45"
118,"cancan","Ruby",5135,"2009-11-17 01:04:45"
118,"cancan","Ruby",5140,"2012-04-21 06:25:33"
118,"cancan","Ruby",5161,"2009-11-17 01:04:45"
118,"cancan","Ruby",5246,"2009-11-17 01:04:45"
118,"cancan","Ruby",5357,"2014-08-05 19:21:29"
118,"cancan","Ruby",5492,"2015-06-30 10:55:31"
118,"cancan","Ruby",5500,"2012-01-27 12:28:20"
118,"cancan","Ruby",5532,"2012-03-31 19:23:50"
118,"cancan","Ruby",5545,"2009-11-17 01:04:45"
118,"cancan","Ruby",5552,"2011-03-20 23:38:13"
118,"cancan","Ruby",5578,"2012-04-18 16:34:43"
118,"cancan","Ruby",5861,"2010-02-06 18:11:12"
118,"cancan","Ruby",5869,"2010-08-19 21:41:05"
118,"cancan","Ruby",5893,"2010-05-19 08:41:42"
118,"cancan","Ruby",6021,"2009-11-17 01:04:45"
118,"cancan","Ruby",6090,"2009-11-17 01:04:45"
118,"cancan","Ruby",6119,"2010-02-14 01:08:25"
118,"cancan","Ruby",6128,"2009-11-17 01:04:45"
118,"cancan","Ruby",6161,"2011-06-18 20:10:45"
118,"cancan","Ruby",6171,"2011-03-01 03:11:26"
118,"cancan","Ruby",6209,"2014-11-30 00:37:04"
118,"cancan","Ruby",6218,"2012-01-11 10:28:08"
118,"cancan","Ruby",6224,"2009-11-19 01:34:49"
118,"cancan","Ruby",6234,"2010-01-27 00:01:33"
118,"cancan","Ruby",6242,"2009-11-17 01:04:45"
118,"cancan","Ruby",6389,"2012-08-04 05:55:25"
118,"cancan","Ruby",6453,"2010-06-09 20:54:08"
118,"cancan","Ruby",6481,"2012-09-10 15:26:55"
118,"cancan","Ruby",6496,"2009-11-17 01:04:45"
118,"cancan","Ruby",6764,"2012-06-20 04:15:26"
118,"cancan","Ruby",6766,"2010-10-10 17:46:38"
118,"cancan","Ruby",6805,"2009-11-17 01:04:45"
118,"cancan","Ruby",6929,"2010-07-09 22:53:20"
118,"cancan","Ruby",6986,"2010-09-20 16:21:50"
118,"cancan","Ruby",6995,"2012-10-10 08:37:30"
118,"cancan","Ruby",7043,"2010-07-27 18:12:13"
118,"cancan","Ruby",7069,"2015-07-20 09:11:39"
118,"cancan","Ruby",7265,"2012-07-21 00:42:53"
118,"cancan","Ruby",7268,"2012-05-13 14:51:51"
118,"cancan","Ruby",7285,"2009-11-17 01:04:45"
118,"cancan","Ruby",7286,"2014-02-17 18:56:08"
118,"cancan","Ruby",7321,"2009-11-17 01:04:45"
118,"cancan","Ruby",7350,"2009-11-17 01:04:45"
118,"cancan","Ruby",7546,"2012-05-16 01:42:08"
118,"cancan","Ruby",7549,"2009-11-17 01:04:45"
118,"cancan","Ruby",7552,"2009-11-17 01:04:45"
118,"cancan","Ruby",7554,"2009-11-17 01:04:45"
118,"cancan","Ruby",7557,"2009-11-17 01:04:45"
118,"cancan","Ruby",7558,"2009-11-17 01:04:45"
118,"cancan","Ruby",7563,"2009-11-17 01:04:45"
118,"cancan","Ruby",7565,"2009-11-17 01:04:45"
118,"cancan","Ruby",7567,"2012-02-21 12:11:40"
118,"cancan","Ruby",7568,"2009-11-17 01:04:45"
118,"cancan","Ruby",7575,"2009-11-17 01:04:45"
118,"cancan","Ruby",7580,"2009-11-17 01:04:45"
118,"cancan","Ruby",7582,"2009-11-17 01:04:45"
118,"cancan","Ruby",7583,"2009-11-17 01:04:45"
118,"cancan","Ruby",7584,"2012-04-13 01:31:03"
118,"cancan","Ruby",7588,"2009-11-17 01:04:45"
118,"cancan","Ruby",7590,"2009-11-17 01:04:45"
118,"cancan","Ruby",7604,"2009-11-17 01:04:45"
118,"cancan","Ruby",7609,"2009-11-17 01:04:45"
118,"cancan","Ruby",7610,"2009-12-18 14:09:57"
118,"cancan","Ruby",7614,"2009-11-17 01:04:45"
118,"cancan","Ruby",7615,"2009-11-17 01:04:45"
118,"cancan","Ruby",7618,"2009-11-19 03:57:54"
118,"cancan","Ruby",7620,"2010-06-16 08:43:17"
118,"cancan","Ruby",7621,"2010-04-03 20:48:33"
118,"cancan","Ruby",7622,"2009-11-17 01:04:45"
118,"cancan","Ruby",7625,"2009-11-17 01:04:45"
118,"cancan","Ruby",7628,"2010-01-06 13:40:27"
118,"cancan","Ruby",7629,"2010-01-28 15:03:15"
118,"cancan","Ruby",7631,"2009-11-17 01:04:45"
118,"cancan","Ruby",7634,"2009-11-17 01:04:45"
118,"cancan","Ruby",7645,"2010-05-07 01:52:12"
118,"cancan","Ruby",7648,"2009-11-17 01:04:45"
118,"cancan","Ruby",7660,"2009-11-17 01:04:45"
118,"cancan","Ruby",7662,"2009-11-17 01:04:45"
118,"cancan","Ruby",7665,"2009-11-17 01:04:45"
118,"cancan","Ruby",7668,"2009-11-17 01:04:45"
118,"cancan","Ruby",7669,"2010-02-23 03:07:38"
118,"cancan","Ruby",7670,"2009-11-17 01:04:45"
118,"cancan","Ruby",7677,"2009-11-17 01:04:45"
118,"cancan","Ruby",7697,"2010-02-01 16:24:05"
118,"cancan","Ruby",7701,"2009-11-21 13:01:06"
118,"cancan","Ruby",7704,"2011-01-27 21:12:12"
118,"cancan","Ruby",7705,"2010-03-31 21:24:32"
118,"cancan","Ruby",7709,"2010-05-25 18:25:33"
118,"cancan","Ruby",7714,"2009-11-17 01:04:45"
118,"cancan","Ruby",7716,"2010-03-27 21:14:39"
118,"cancan","Ruby",7720,"2009-11-17 01:04:45"
118,"cancan","Ruby",7723,"2009-12-23 13:18:07"
118,"cancan","Ruby",7727,"2010-01-03 00:21:52"
118,"cancan","Ruby",7729,"2010-09-02 17:08:38"
118,"cancan","Ruby",7730,"2009-11-17 01:04:45"
118,"cancan","Ruby",7736,"2010-04-19 03:29:53"
118,"cancan","Ruby",7737,"2009-11-17 01:04:45"
118,"cancan","Ruby",7741,"2009-11-17 01:04:45"
118,"cancan","Ruby",7743,"2009-11-17 01:04:45"
118,"cancan","Ruby",7744,"2012-07-14 04:56:40"
118,"cancan","Ruby",7745,"2009-11-17 01:04:45"
118,"cancan","Ruby",7755,"2009-11-17 01:04:45"
118,"cancan","Ruby",7764,"2012-05-30 22:06:34"
118,"cancan","Ruby",7775,"2009-11-17 01:04:45"
118,"cancan","Ruby",7780,"2009-11-17 01:04:45"
118,"cancan","Ruby",7782,"2011-01-05 06:27:14"
118,"cancan","Ruby",7786,"2012-09-03 21:35:33"
118,"cancan","Ruby",7792,"2011-06-27 08:21:43"
118,"cancan","Ruby",7797,"2011-02-24 20:50:39"
118,"cancan","Ruby",7814,"2011-07-25 04:04:13"
118,"cancan","Ruby",7823,"2009-11-17 01:04:45"
118,"cancan","Ruby",7826,"2009-11-17 01:04:45"
118,"cancan","Ruby",7831,"2014-05-28 17:29:19"
118,"cancan","Ruby",7854,"2009-11-17 01:04:45"
118,"cancan","Ruby",7858,"2010-06-27 07:21:41"
118,"cancan","Ruby",7867,"2009-12-31 09:23:49"
118,"cancan","Ruby",7872,"2009-11-17 01:04:45"
118,"cancan","Ruby",7874,"2012-04-23 19:18:48"
118,"cancan","Ruby",7881,"2015-07-17 05:22:18"
118,"cancan","Ruby",7883,"2011-01-04 14:22:08"
118,"cancan","Ruby",7895,"2009-11-17 01:04:45"
118,"cancan","Ruby",7921,"2012-04-16 09:48:56"
118,"cancan","Ruby",7931,"2009-11-17 01:04:45"
118,"cancan","Ruby",7939,"2012-05-22 14:16:31"
118,"cancan","Ruby",7944,"2012-01-26 17:59:25"
118,"cancan","Ruby",7946,"2009-11-17 01:04:45"
118,"cancan","Ruby",7954,"2013-02-03 04:55:13"
118,"cancan","Ruby",7971,"2011-01-24 04:02:05"
118,"cancan","Ruby",7973,"2010-12-02 13:24:34"
118,"cancan","Ruby",7974,"2009-11-17 01:04:45"
118,"cancan","Ruby",7981,"2009-12-22 05:49:17"
118,"cancan","Ruby",7986,"2010-05-23 22:17:28"
118,"cancan","Ruby",8012,"2010-09-07 22:27:59"
118,"cancan","Ruby",8025,"2012-12-04 12:28:56"
118,"cancan","Ruby",8033,"2012-06-17 22:26:52"
118,"cancan","Ruby",8040,"2012-03-26 23:47:15"
118,"cancan","Ruby",8057,"2009-11-17 01:04:45"
118,"cancan","Ruby",8061,"2015-08-10 00:22:52"
118,"cancan","Ruby",8062,"2010-01-26 01:10:55"
118,"cancan","Ruby",8070,"2012-02-04 16:12:25"
118,"cancan","Ruby",8074,"2012-05-28 09:28:34"
118,"cancan","Ruby",8081,"2011-11-07 17:28:46"
118,"cancan","Ruby",8090,"2012-06-15 20:44:04"
118,"cancan","Ruby",8092,"2009-11-17 01:04:45"
118,"cancan","Ruby",8095,"2012-06-05 05:27:18"
118,"cancan","Ruby",8102,"2010-05-11 19:42:19"
118,"cancan","Ruby",8146,"2012-01-09 01:22:00"
118,"cancan","Ruby",8158,"2009-11-17 01:04:45"
118,"cancan","Ruby",8159,"2011-01-31 09:25:28"
118,"cancan","Ruby",8160,"2012-07-10 22:30:02"
118,"cancan","Ruby",8188,"2012-10-14 17:46:11"
118,"cancan","Ruby",8252,"2009-11-17 01:04:45"
118,"cancan","Ruby",8256,"2012-02-26 02:12:39"
118,"cancan","Ruby",8295,"2011-02-18 04:08:36"
118,"cancan","Ruby",8343,"2009-11-17 01:04:45"
118,"cancan","Ruby",8386,"2012-04-04 14:47:54"
118,"cancan","Ruby",8518,"2009-11-17 01:04:45"
118,"cancan","Ruby",8522,"2009-11-17 01:04:45"
118,"cancan","Ruby",8556,"2012-07-10 13:12:08"
118,"cancan","Ruby",8586,"2012-02-21 01:16:05"
118,"cancan","Ruby",8603,"2011-03-10 12:15:52"
118,"cancan","Ruby",8678,"2011-08-31 23:14:24"
118,"cancan","Ruby",8898,"2009-11-17 01:04:45"
118,"cancan","Ruby",8911,"2012-08-27 12:43:24"
118,"cancan","Ruby",8920,"2012-06-27 15:01:11"
118,"cancan","Ruby",8930,"2009-11-17 01:04:45"
118,"cancan","Ruby",8965,"2009-11-17 01:04:45"
118,"cancan","Ruby",8998,"2009-11-17 01:04:45"
118,"cancan","Ruby",9028,"2009-11-17 01:04:45"
118,"cancan","Ruby",9048,"2015-02-17 19:57:06"
118,"cancan","Ruby",9052,"2012-11-30 05:52:41"
118,"cancan","Ruby",9080,"2010-08-01 21:07:56"
118,"cancan","Ruby",9104,"2009-11-17 01:04:45"
118,"cancan","Ruby",9108,"2009-11-17 01:04:45"
118,"cancan","Ruby",9111,"2009-11-17 01:04:45"
118,"cancan","Ruby",9208,"2009-11-17 01:04:45"
118,"cancan","Ruby",9261,"2012-04-13 04:46:01"
118,"cancan","Ruby",9345,"2009-11-17 01:04:45"
118,"cancan","Ruby",9560,"2009-11-17 01:04:45"
118,"cancan","Ruby",9642,"2009-11-17 01:04:45"
118,"cancan","Ruby",9669,"2009-11-17 01:04:45"
118,"cancan","Ruby",9695,"2013-03-10 08:49:22"
118,"cancan","Ruby",9753,"2014-09-08 05:05:29"
118,"cancan","Ruby",9771,"2012-10-02 20:01:18"
118,"cancan","Ruby",9887,"2009-11-17 01:04:45"
118,"cancan","Ruby",9898,"2009-11-17 01:04:45"
118,"cancan","Ruby",9956,"2009-11-17 01:04:45"
118,"cancan","Ruby",9984,"2009-11-17 01:04:45"
118,"cancan","Ruby",10007,"2012-04-21 23:03:52"
118,"cancan","Ruby",10164,"2010-10-15 14:00:04"
118,"cancan","Ruby",10167,"2010-11-30 14:26:06"
118,"cancan","Ruby",10179,"2009-11-17 01:04:45"
118,"cancan","Ruby",10205,"2010-05-12 17:59:36"
118,"cancan","Ruby",10206,"2009-11-17 01:04:45"
118,"cancan","Ruby",10228,"2009-11-17 01:04:45"
118,"cancan","Ruby",10302,"2012-07-17 12:25:06"
118,"cancan","Ruby",10322,"2011-10-17 13:01:23"
118,"cancan","Ruby",10557,"2009-11-17 01:04:45"
118,"cancan","Ruby",10560,"2011-08-01 05:07:47"
118,"cancan","Ruby",10645,"2009-11-17 01:04:45"
118,"cancan","Ruby",10654,"2012-07-20 15:56:23"
118,"cancan","Ruby",10772,"2011-04-06 21:16:12"
118,"cancan","Ruby",10898,"2011-02-06 01:51:33"
118,"cancan","Ruby",10908,"2010-02-11 12:29:28"
118,"cancan","Ruby",10954,"2012-05-20 12:32:54"
118,"cancan","Ruby",10973,"2012-05-05 17:15:24"
118,"cancan","Ruby",11002,"2009-11-17 01:04:45"
118,"cancan","Ruby",11090,"2012-06-20 05:50:48"
118,"cancan","Ruby",11096,"2015-02-24 19:25:55"
118,"cancan","Ruby",11102,"2010-12-25 19:24:15"
118,"cancan","Ruby",11160,"2012-08-07 18:20:11"
118,"cancan","Ruby",11198,"2009-11-17 01:04:45"
118,"cancan","Ruby",11240,"2009-11-17 01:04:45"
118,"cancan","Ruby",11269,"2012-08-06 02:09:43"
118,"cancan","Ruby",11346,"2009-11-17 01:04:45"
118,"cancan","Ruby",11359,"2011-02-18 01:20:17"
118,"cancan","Ruby",11380,"2009-11-17 01:04:45"
118,"cancan","Ruby",11500,"2010-04-01 00:30:00"
118,"cancan","Ruby",11566,"2011-04-18 18:30:59"
118,"cancan","Ruby",11627,"2010-04-19 08:10:18"
118,"cancan","Ruby",11634,"2009-11-17 01:04:45"
118,"cancan","Ruby",11667,"2012-03-19 23:29:10"
118,"cancan","Ruby",11717,"2009-11-17 01:04:45"
118,"cancan","Ruby",11742,"2009-11-17 01:04:45"
118,"cancan","Ruby",11746,"2012-08-27 15:38:34"
118,"cancan","Ruby",11762,"2012-05-20 15:26:52"
118,"cancan","Ruby",11764,"2012-06-25 00:46:51"
118,"cancan","Ruby",11765,"2010-10-24 20:17:06"
118,"cancan","Ruby",11826,"2010-02-05 18:54:22"
118,"cancan","Ruby",11869,"2009-11-17 01:04:45"
118,"cancan","Ruby",11919,"2009-11-17 01:04:45"
118,"cancan","Ruby",11943,"2009-11-17 01:04:45"
118,"cancan","Ruby",11950,"2009-11-17 01:04:45"
118,"cancan","Ruby",11957,"2009-11-17 01:04:45"
118,"cancan","Ruby",11959,"2010-05-29 02:39:28"
118,"cancan","Ruby",11965,"2009-11-17 01:04:45"
118,"cancan","Ruby",11967,"2009-11-17 01:04:45"
118,"cancan","Ruby",11971,"2011-03-21 12:02:11"
118,"cancan","Ruby",11974,"2012-04-23 07:47:15"
118,"cancan","Ruby",11975,"2010-10-28 02:35:18"
118,"cancan","Ruby",11987,"2009-11-17 01:04:45"
118,"cancan","Ruby",11999,"2010-10-16 23:00:19"
118,"cancan","Ruby",12002,"2009-11-17 01:04:45"
118,"cancan","Ruby",12031,"2009-11-17 01:04:45"
118,"cancan","Ruby",12058,"2010-01-30 16:49:35"
118,"cancan","Ruby",12085,"2010-09-28 15:56:35"
118,"cancan","Ruby",12091,"2009-11-17 01:04:45"
118,"cancan","Ruby",12095,"2011-11-08 20:47:36"
118,"cancan","Ruby",12108,"2012-06-10 01:43:55"
118,"cancan","Ruby",12112,"2009-11-17 01:04:45"
118,"cancan","Ruby",12220,"2009-11-17 01:04:45"
118,"cancan","Ruby",12235,"2012-08-08 17:00:23"
118,"cancan","Ruby",12314,"2009-11-17 01:04:45"
118,"cancan","Ruby",12341,"2010-05-01 20:23:57"
118,"cancan","Ruby",12403,"2009-11-17 01:04:45"
118,"cancan","Ruby",12418,"2009-11-17 01:04:45"
118,"cancan","Ruby",12425,"2011-09-19 20:00:15"
118,"cancan","Ruby",12429,"2009-11-17 01:04:45"
118,"cancan","Ruby",12523,"2011-05-10 12:27:42"
118,"cancan","Ruby",12557,"2009-11-17 01:04:45"
118,"cancan","Ruby",12559,"2009-11-17 01:04:45"
118,"cancan","Ruby",12560,"2009-11-17 01:04:45"
118,"cancan","Ruby",12603,"2010-08-28 00:38:47"
118,"cancan","Ruby",12661,"2013-10-04 16:10:30"
118,"cancan","Ruby",12682,"2009-11-17 01:04:45"
118,"cancan","Ruby",12683,"2011-09-20 13:50:42"
118,"cancan","Ruby",12885,"2011-06-25 20:17:57"
118,"cancan","Ruby",12932,"2010-04-22 00:41:53"
118,"cancan","Ruby",12948,"2010-02-20 04:28:00"
118,"cancan","Ruby",12974,"2009-11-17 01:04:45"
118,"cancan","Ruby",12988,"2009-11-17 01:04:45"
118,"cancan","Ruby",13038,"2009-11-17 01:04:45"
118,"cancan","Ruby",13053,"2009-11-17 01:04:45"
118,"cancan","Ruby",13071,"2009-11-17 01:04:45"
118,"cancan","Ruby",13077,"2012-07-30 16:46:32"
118,"cancan","Ruby",13080,"2009-11-17 01:04:45"
118,"cancan","Ruby",13108,"2009-11-17 01:04:45"
118,"cancan","Ruby",13111,"2009-11-17 01:04:45"
118,"cancan","Ruby",13158,"2010-12-03 22:14:59"
118,"cancan","Ruby",13208,"2012-07-19 14:36:43"
118,"cancan","Ruby",13267,"2009-11-17 01:04:45"
118,"cancan","Ruby",13270,"2011-09-01 04:00:06"
118,"cancan","Ruby",13291,"2011-04-05 21:39:30"
118,"cancan","Ruby",13302,"2009-11-17 01:04:45"
118,"cancan","Ruby",13303,"2009-11-17 01:04:45"
118,"cancan","Ruby",13308,"2009-11-17 01:04:45"
118,"cancan","Ruby",13309,"2009-11-18 15:11:07"
118,"cancan","Ruby",13310,"2010-04-19 21:41:23"
118,"cancan","Ruby",13311,"2009-11-17 01:04:45"
118,"cancan","Ruby",13313,"2010-05-13 22:17:26"
118,"cancan","Ruby",13315,"2009-11-17 01:04:45"
118,"cancan","Ruby",13316,"2009-11-17 01:04:45"
118,"cancan","Ruby",13318,"2009-11-17 01:04:45"
118,"cancan","Ruby",13320,"2009-11-17 01:04:45"
118,"cancan","Ruby",13321,"2009-11-17 01:04:45"
118,"cancan","Ruby",13322,"2010-04-07 21:37:52"
118,"cancan","Ruby",13323,"2011-03-30 03:29:07"
118,"cancan","Ruby",13324,"2009-11-17 01:04:45"
118,"cancan","Ruby",13328,"2009-11-17 01:04:45"
118,"cancan","Ruby",13329,"2011-03-30 12:14:05"
118,"cancan","Ruby",13332,"2009-11-17 01:04:45"
118,"cancan","Ruby",13333,"2009-11-17 01:04:45"
118,"cancan","Ruby",13334,"2009-11-17 01:04:45"
118,"cancan","Ruby",13336,"2009-11-17 01:04:45"
118,"cancan","Ruby",13342,"2009-11-17 01:04:45"
118,"cancan","Ruby",13355,"2010-05-07 02:49:55"
118,"cancan","Ruby",13356,"2010-04-10 00:30:42"
118,"cancan","Ruby",13392,"2009-11-17 01:04:45"
118,"cancan","Ruby",13414,"2009-11-17 01:04:45"
118,"cancan","Ruby",13442,"2009-11-17 01:04:45"
118,"cancan","Ruby",13496,"2009-11-17 01:04:45"
118,"cancan","Ruby",13603,"2015-04-08 20:00:04"
118,"cancan","Ruby",13677,"2009-11-17 01:04:45"
118,"cancan","Ruby",13714,"2011-08-19 22:40:03"
118,"cancan","Ruby",13716,"2010-01-28 16:27:47"
118,"cancan","Ruby",13795,"2009-11-17 01:04:45"
118,"cancan","Ruby",13841,"2010-05-22 05:01:25"
118,"cancan","Ruby",13868,"2009-11-17 01:04:45"
118,"cancan","Ruby",13870,"2011-07-20 07:48:05"
118,"cancan","Ruby",13892,"2012-09-21 13:33:09"
118,"cancan","Ruby",13972,"2009-11-17 01:04:45"
118,"cancan","Ruby",14016,"2009-11-17 01:04:45"
118,"cancan","Ruby",14110,"2012-07-23 21:20:53"
118,"cancan","Ruby",14114,"2012-07-16 15:28:16"
118,"cancan","Ruby",14154,"2010-02-17 19:06:45"
118,"cancan","Ruby",14268,"2010-04-03 19:29:13"
118,"cancan","Ruby",14346,"2009-11-17 01:04:45"
118,"cancan","Ruby",14352,"2009-11-17 01:04:45"
118,"cancan","Ruby",14358,"2009-11-17 01:04:45"
118,"cancan","Ruby",14368,"2009-11-17 01:04:45"
118,"cancan","Ruby",14437,"2010-02-20 00:41:39"
118,"cancan","Ruby",14443,"2012-07-26 21:50:28"
118,"cancan","Ruby",14626,"2009-11-17 01:04:45"
118,"cancan","Ruby",14629,"2010-06-04 03:29:02"
118,"cancan","Ruby",14644,"2012-08-01 11:29:40"
118,"cancan","Ruby",14655,"2010-04-29 14:06:25"
118,"cancan","Ruby",14669,"2010-10-18 17:31:00"
118,"cancan","Ruby",14676,"2009-11-17 01:04:45"
118,"cancan","Ruby",14697,"2009-11-17 01:04:45"
118,"cancan","Ruby",14712,"2009-11-17 01:04:45"
118,"cancan","Ruby",14780,"2009-11-17 01:04:45"
118,"cancan","Ruby",14821,"2012-01-12 20:01:45"
118,"cancan","Ruby",14828,"2012-11-29 20:05:23"
118,"cancan","Ruby",14837,"2010-08-18 09:46:11"
118,"cancan","Ruby",14866,"2012-05-08 05:19:49"
118,"cancan","Ruby",14875,"2012-02-08 05:47:03"
118,"cancan","Ruby",14877,"2012-10-10 16:40:56"
118,"cancan","Ruby",14928,"2009-11-17 01:04:45"
118,"cancan","Ruby",14935,"2009-11-17 01:04:45"
118,"cancan","Ruby",14984,"2009-11-17 01:04:45"
118,"cancan","Ruby",15229,"2009-11-17 01:04:45"
118,"cancan","Ruby",15232,"2009-11-17 01:04:45"
118,"cancan","Ruby",15237,"2009-11-17 01:04:45"
118,"cancan","Ruby",15238,"2009-11-17 01:04:45"
118,"cancan","Ruby",15252,"2015-01-19 22:41:44"
118,"cancan","Ruby",15254,"2009-11-17 01:04:45"
118,"cancan","Ruby",15285,"2009-11-17 01:04:45"
118,"cancan","Ruby",15377,"2012-07-23 06:39:48"
118,"cancan","Ruby",15383,"2012-12-13 03:05:43"
118,"cancan","Ruby",15440,"2009-11-17 01:04:45"
118,"cancan","Ruby",15807,"2015-02-11 21:38:28"
118,"cancan","Ruby",15816,"2009-11-17 01:04:45"
118,"cancan","Ruby",15830,"2009-11-17 01:04:45"
118,"cancan","Ruby",15862,"2009-11-17 01:04:45"
118,"cancan","Ruby",15880,"2009-11-17 01:04:45"
118,"cancan","Ruby",16022,"2009-11-17 01:04:45"
118,"cancan","Ruby",16099,"2009-11-17 01:04:45"
118,"cancan","Ruby",16173,"2011-08-02 10:49:11"
118,"cancan","Ruby",16217,"2009-11-17 01:04:45"
118,"cancan","Ruby",16223,"2009-11-17 01:04:45"
118,"cancan","Ruby",16262,"2012-01-26 16:19:47"
118,"cancan","Ruby",16382,"2009-11-17 01:04:45"
118,"cancan","Ruby",16454,"2009-11-17 01:04:45"
118,"cancan","Ruby",16477,"2011-09-09 02:22:17"
118,"cancan","Ruby",16493,"2010-10-05 03:26:25"
118,"cancan","Ruby",16532,"2011-03-24 21:45:55"
118,"cancan","Ruby",16568,"2009-11-17 01:04:45"
118,"cancan","Ruby",16647,"2014-08-19 19:14:03"
118,"cancan","Ruby",16696,"2009-11-17 01:04:45"
118,"cancan","Ruby",16792,"2009-11-17 01:04:45"
118,"cancan","Ruby",16830,"2010-08-01 14:04:12"
118,"cancan","Ruby",16867,"2011-12-14 15:47:31"
118,"cancan","Ruby",16922,"2009-11-17 01:04:45"
118,"cancan","Ruby",17101,"2010-04-07 18:31:59"
118,"cancan","Ruby",17118,"2010-01-27 04:11:15"
118,"cancan","Ruby",17250,"2011-02-05 07:55:47"

